file,page,image_number_on_page,xref,smask,pdf_width,pdf_height,saved_width,saved_height,mode,bits_per_component,colorspace,name,filter
page_003/page_003_image_01_xref_72.png,3,1,72,0,618,570,618,570,RGB,8,DeviceRGB,Image72,FlateDecode
page_004/page_004_image_01_xref_74.png,4,1,74,0,1253,607,1253,607,RGB,8,DeviceRGB,Image74,DCTDecode
page_004/page_004_image_02_xref_75.png,4,2,75,0,758,563,758,563,RGB,8,DeviceRGB,Image75,FlateDecode
page_005/page_005_image_01_xref_77.png,5,1,77,0,890,325,890,325,RGB,8,DeviceRGB,Image77,FlateDecode
page_005/page_005_image_02_xref_78.png,5,2,78,0,750,128,750,128,RGB,8,DeviceRGB,Image78,DCTDecode
page_005/page_005_image_03_xref_79.png,5,3,79,0,576,555,576,555,RGB,8,DeviceRGB,Image79,DCTDecode
page_006/page_006_image_01_xref_81.png,6,1,81,0,840,79,840,79,RGB,8,DeviceRGB,Image81,DCTDecode
page_006/page_006_image_02_xref_82.png,6,2,82,0,866,376,866,376,RGB,8,DeviceRGB,Image82,DCTDecode
page_007/page_007_image_01_xref_84.png,7,1,84,0,635,430,635,430,RGB,8,DeviceRGB,Image84,FlateDecode
page_007/page_007_image_02_xref_85.png,7,2,85,0,1253,452,1253,452,RGB,8,DeviceRGB,Image85,DCTDecode
page_008/page_008_image_01_xref_88.png,8,1,88,0,1253,630,1253,630,RGB,8,DeviceRGB,Image88,FlateDecode
page_009/page_009_image_01_xref_90.png,9,1,90,0,620,385,620,385,RGB,8,DeviceRGB,Image90,FlateDecode
page_009/page_009_image_02_xref_91.png,9,2,91,0,1484,455,1484,455,RGB,8,DeviceRGB,Image91,FlateDecode
page_010/page_010_image_01_xref_93.png,10,1,93,0,380,117,380,117,RGB,8,DeviceRGB,Image93,FlateDecode
page_010/page_010_image_02_xref_94.png,10,2,94,0,703,556,703,556,RGB,8,DeviceRGB,Image94,DCTDecode
page_010/page_010_image_03_xref_95.png,10,3,95,0,1204,625,1204,625,RGB,8,DeviceRGB,Image95,DCTDecode
page_011/page_011_image_01_xref_97.png,11,1,97,0,457,552,457,552,RGB,8,DeviceRGB,Image97,DCTDecode
page_011/page_011_image_02_xref_98.png,11,2,98,0,1352,625,1352,625,RGB,8,DeviceRGB,Image98,FlateDecode
page_012/page_012_image_01_xref_100.png,12,1,100,0,1127,353,1127,353,RGB,8,DeviceRGB,Image100,FlateDecode
page_012/page_012_image_02_xref_101.png,12,2,101,0,714,203,714,203,RGB,8,DeviceRGB,Image101,FlateDecode
page_012/page_012_image_03_xref_102.png,12,3,102,0,396,149,396,149,RGB,8,DeviceRGB,Image102,FlateDecode
page_013/page_013_image_01_xref_104.png,13,1,104,0,622,467,622,467,RGB,8,DeviceRGB,Image104,FlateDecode
page_014/page_014_image_01_xref_106.png,14,1,106,0,806,814,806,814,RGB,8,DeviceRGB,Image106,FlateDecode
page_015/page_015_image_01_xref_108.png,15,1,108,0,680,205,680,205,RGB,8,DeviceRGB,Image108,FlateDecode
page_015/page_015_image_02_xref_109.png,15,2,109,0,810,360,810,360,RGB,8,DeviceRGB,Image109,FlateDecode
page_016/page_016_image_01_xref_111.png,16,1,111,0,603,578,603,578,RGB,8,DeviceRGB,Image111,DCTDecode
page_017/page_017_image_01_xref_113.png,17,1,113,0,792,271,792,271,RGB,8,DeviceRGB,Image113,DCTDecode
page_017/page_017_image_02_xref_114.png,17,2,114,0,335,264,335,264,RGB,8,DeviceRGB,Image114,DCTDecode
page_017/page_017_image_03_xref_115.png,17,3,115,0,887,369,887,369,RGB,8,DeviceRGB,Image115,FlateDecode
page_018/page_018_image_01_xref_119.png,18,1,119,0,1029,732,1029,732,RGB,8,DeviceRGB,Image119,DCTDecode
page_018/page_018_image_02_xref_120.png,18,2,120,0,1293,293,1293,293,RGB,8,DeviceRGB,Image120,FlateDecode
page_019/page_019_image_01_xref_127.png,19,1,127,0,1170,538,1170,538,RGB,8,DeviceRGB,Image127,DCTDecode
page_020/page_020_image_01_xref_129.png,20,1,129,0,1090,542,1090,542,RGB,8,DeviceRGB,Image129,FlateDecode
page_020/page_020_image_02_xref_130.png,20,2,130,0,899,582,899,582,RGB,8,DeviceRGB,Image130,DCTDecode
page_021/page_021_image_01_xref_132.png,21,1,132,0,1146,585,1146,585,RGB,8,DeviceRGB,Image132,DCTDecode
page_021/page_021_image_02_xref_133.png,21,2,133,0,1100,378,1100,378,RGB,8,DeviceRGB,Image133,DCTDecode
page_022/page_022_image_01_xref_135.png,22,1,135,0,608,445,608,445,RGB,8,DeviceRGB,Image135,DCTDecode
page_022/page_022_image_02_xref_136.png,22,2,136,0,1469,331,1469,331,RGB,8,DeviceRGB,Image136,FlateDecode
page_023/page_023_image_01_xref_138.png,23,1,138,0,426,299,426,299,RGB,8,DeviceRGB,Image138,DCTDecode
page_023/page_023_image_02_xref_139.png,23,2,139,0,538,343,538,343,RGB,8,DeviceRGB,Image139,DCTDecode
page_024/page_024_image_01_xref_143.png,24,1,143,0,429,323,429,323,RGB,8,DeviceRGB,Image143,FlateDecode
page_024/page_024_image_02_xref_144.png,24,2,144,0,519,500,519,500,RGB,8,DeviceRGB,Image144,DCTDecode
page_025/page_025_image_01_xref_146.png,25,1,146,0,607,498,607,498,RGB,8,DeviceRGB,Image146,DCTDecode
page_026/page_026_image_01_xref_153.png,26,1,153,0,542,301,542,301,RGB,8,DeviceRGB,Image153,DCTDecode
page_026/page_026_image_02_xref_154.png,26,2,154,0,580,139,580,139,RGB,8,DeviceRGB,Image154,DCTDecode
page_027/page_027_image_01_xref_156.png,27,1,156,0,534,199,534,199,RGB,8,DeviceRGB,Image156,DCTDecode
page_027/page_027_image_02_xref_157.png,27,2,157,0,451,43,451,43,RGB,8,DeviceRGB,Image157,DCTDecode
page_028/page_028_image_01_xref_159.png,28,1,159,0,482,80,482,80,RGB,8,DeviceRGB,Image159,DCTDecode
page_028/page_028_image_02_xref_160.png,28,2,160,0,472,252,472,252,RGB,8,DeviceRGB,Image160,DCTDecode
page_028/page_028_image_03_xref_161.png,28,3,161,0,423,92,423,92,RGB,8,DeviceRGB,Image161,DCTDecode
page_029/page_029_image_01_xref_168.png,29,1,168,0,460,111,460,111,RGB,8,DeviceRGB,Image168,DCTDecode
page_030/page_030_image_01_xref_170.png,30,1,170,0,604,423,604,423,RGB,8,DeviceRGB,Image170,FlateDecode
page_030/page_030_image_02_xref_171.png,30,2,171,0,595,231,595,231,RGB,8,DeviceRGB,Image171,FlateDecode
page_031/page_031_image_01_xref_173.png,31,1,173,0,583,267,583,267,RGB,8,DeviceRGB,Image173,FlateDecode
page_032/page_032_image_01_xref_175.png,32,1,175,0,978,470,978,470,RGB,8,DeviceRGB,Image175,FlateDecode
page_032/page_032_image_02_xref_176.png,32,2,176,0,789,267,789,267,RGB,8,DeviceRGB,Image176,FlateDecode
page_033/page_033_image_01_xref_178.png,33,1,178,0,987,505,987,505,RGB,8,DeviceRGB,Image178,FlateDecode
page_033/page_033_image_02_xref_179.png,33,2,179,0,529,139,529,139,RGB,8,DeviceRGB,Image179,FlateDecode
page_034/page_034_image_01_xref_182.png,34,1,182,0,628,600,628,600,RGB,8,DeviceRGB,Image182,FlateDecode
page_035/page_035_image_01_xref_185.png,35,1,185,0,990,585,990,585,RGB,8,DeviceRGB,Image185,DCTDecode
page_035/page_035_image_02_xref_186.png,35,2,186,0,981,620,981,620,RGB,8,DeviceRGB,Image186,FlateDecode
page_036/page_036_image_01_xref_194.png,36,1,194,0,715,437,715,437,RGB,8,DeviceRGB,Image194,FlateDecode
page_036/page_036_image_02_xref_195.png,36,2,195,0,825,451,825,451,RGB,8,DeviceRGB,Image195,FlateDecode
page_037/page_037_image_01_xref_200.png,37,1,200,0,484,138,484,138,RGB,8,DeviceRGB,Image200,FlateDecode
page_038/page_038_image_01_xref_203.png,38,1,203,0,946,609,946,609,RGB,8,DeviceRGB,Image203,DCTDecode
page_040/page_040_image_01_xref_208.png,40,1,208,0,598,547,598,547,RGB,8,DeviceRGB,Image208,DCTDecode
page_040/page_040_image_02_xref_209.png,40,2,209,0,978,599,978,599,RGB,8,DeviceRGB,Image209,FlateDecode
page_041/page_041_image_01_xref_212.png,41,1,212,0,984,585,984,585,RGB,8,DeviceRGB,Image212,FlateDecode
